date_created,contacts_n,contacts_n_1,contacts_n_2,contacts_n_3,contacts_n_4,contacts_n_5,contacts_n_6,contacts_n_7,new_type,new_market
1/1/22,30,6,0,1,2,0,1,0,type_1,market_1
1/1/22,97,3,5,3,2,3,1,2,type_2,market_1
1/1/22,166,12,13,7,8,2,1,5,type_5,market_1
1/1/22,7,0,0,0,0,0,0,1,type_3,market_1
1/1/22,0,0,0,0,0,0,0,0,type_4,market_1
1/1/22,2,0,1,0,0,1,0,0,type_1,market_3
1/1/22,1,0,0,0,0,0,0,0,type_4,market_3
1/1/22,2,0,1,1,1,0,0,0,type_3,market_3
1/1/22,7,0,0,1,0,0,0,0,type_2,market_3
1/1/22,31,2,0,1,3,0,2,0,type_5,market_3
1/1/22,2,0,0,0,0,0,0,0,type_1,market_2
1/1/22,20,3,1,0,0,0,1,0,type_5,market_2
1/1/22,21,2,4,0,0,1,1,0,type_2,market_2
1/1/22,0,0,0,0,0,0,0,0,type_3,market_2
1/1/22,0,0,0,0,0,0,0,0,type_4,market_2
1/2/22,39,2,2,2,0,2,2,2,type_1,market_1
1/2/22,111,8,5,5,1,5,2,2,type_2,market_1
1/2/22,1,0,0,0,0,0,0,0,type_4,market_1
1/2/22,7,0,0,3,1,0,0,0,type_3,market_1
1/2/22,141,17,8,14,6,3,0,4,type_5,market_1
1/2/22,11,0,0,0,0,0,0,1,type_1,market_3
1/2/22,2,0,0,0,0,0,0,0,type_3,market_3
1/2/22,14,0,0,2,0,0,0,0,type_2,market_3
1/2/22,32,1,0,7,2,0,0,0,type_5,market_3
1/2/22,0,0,0,0,0,0,0,0,type_4,market_3
1/2/22,4,0,0,1,0,0,0,0,type_1,market_2
1/2/22,12,1,2,1,3,0,0,0,type_2,market_2
1/2/22,22,2,1,2,0,0,0,0,type_5,market_2
1/2/22,0,0,0,0,0,0,0,0,type_3,market_2
1/2/22,0,0,0,0,0,0,0,0,type_4,market_2
1/3/22,55,3,6,0,5,2,4,4,type_1,market_1
1/3/22,259,25,16,11,6,8,4,11,type_5,market_1
1/3/22,395,18,23,9,7,6,7,9,type_2,market_1
1/3/22,6,0,1,0,0,0,0,0,type_4,market_1
1/3/22,18,1,2,1,0,1,0,0,type_3,market_1
1/3/22,15,0,0,2,1,0,0,0,type_1,market_3
1/3/22,62,7,6,8,5,4,0,1,type_5,market_3
1/3/22,1,0,0,0,0,0,0,0,type_4,market_3
1/3/22,10,2,2,0,0,0,1,0,type_3,market_3
1/3/22,46,1,3,2,0,0,0,0,type_2,market_3
1/3/22,1,0,0,0,0,0,0,0,type_4,market_2
1/3/22,5,0,0,0,0,0,0,0,type_3,market_2
1/3/22,12,0,0,1,0,0,0,0,type_1,market_2
1/3/22,32,2,0,1,4,0,0,1,type_5,market_2
1/3/22,66,3,3,4,6,2,1,2,type_2,market_2
1/4/22,15,2,3,1,0,0,1,2,type_3,market_1
1/4/22,44,4,4,3,0,1,3,2,type_1,market_1
1/4/22,207,27,10,12,18,13,5,8,type_5,market_1
1/4/22,343,19,10,10,6,0,13,10,type_2,market_1
1/4/22,4,1,0,1,0,0,0,0,type_4,market_1
1/4/22,7,0,4,0,0,0,0,0,type_1,market_3
1/4/22,60,4,11,6,2,1,1,2,type_5,market_3
1/4/22,1,0,0,0,0,0,0,0,type_4,market_3
1/4/22,8,3,3,0,0,0,0,1,type_3,market_3
1/4/22,28,1,0,0,0,0,1,2,type_2,market_3
1/4/22,8,1,1,0,0,0,0,0,type_1,market_2
1/4/22,33,3,0,1,0,0,0,0,type_5,market_2
1/4/22,48,7,4,2,0,0,1,2,type_2,market_2
1/4/22,0,0,0,0,0,0,0,0,type_3,market_2
1/4/22,0,1,0,0,0,0,0,0,type_4,market_2
1/5/22,52,3,1,1,6,3,0,2,type_1,market_1
1/5/22,17,3,1,0,1,0,1,0,type_3,market_1
1/5/22,280,5,9,2,6,7,3,7,type_2,market_1
1/5/22,210,26,18,9,8,17,7,5,type_5,market_1
1/5/22,4,0,0,0,0,0,0,0,type_4,market_1
1/5/22,12,3,0,1,0,1,0,0,type_1,market_3
1/5/22,25,1,2,0,0,1,1,1,type_3,market_3
1/5/22,131,25,3,1,0,3,3,2,type_5,market_3
1/5/22,1,0,0,0,0,0,0,0,type_4,market_3
1/5/22,32,1,0,1,0,0,0,0,type_2,market_3
1/5/22,1,0,0,0,0,0,0,0,type_4,market_2
1/5/22,11,2,0,0,0,0,0,0,type_1,market_2
1/5/22,29,2,3,0,0,0,0,0,type_5,market_2
1/5/22,39,3,1,0,0,0,0,0,type_2,market_2
1/5/22,0,0,0,0,0,0,0,0,type_3,market_2
1/6/22,11,1,1,1,0,0,2,0,type_3,market_1
1/6/22,242,11,5,1,8,4,2,5,type_2,market_1
1/6/22,43,4,2,2,3,0,4,0,type_1,market_1
1/6/22,214,27,16,12,15,12,6,6,type_5,market_1
1/6/22,0,1,0,0,0,0,0,0,type_4,market_1
1/6/22,26,1,0,1,1,2,0,1,type_1,market_3
1/6/22,33,3,1,1,1,4,1,4,type_2,market_3
1/6/22,344,11,10,1,4,12,5,5,type_5,market_3
1/6/22,2,0,0,0,1,0,0,0,type_4,market_3
1/6/22,14,1,1,0,1,0,2,3,type_3,market_3
1/6/22,1,0,0,0,0,0,0,0,type_4,market_2
1/6/22,8,0,0,0,0,0,1,0,type_1,market_2
1/6/22,22,1,0,0,0,0,0,1,type_5,market_2
1/6/22,29,5,0,0,0,0,0,0,type_2,market_2
1/6/22,0,0,0,0,0,0,0,0,type_3,market_2
1/7/22,45,6,3,2,4,2,2,0,type_1,market_1
1/7/22,228,12,7,4,8,6,5,4,type_2,market_1
1/7/22,214,22,16,14,13,4,9,12,type_5,market_1
1/7/22,7,0,0,0,0,0,0,1,type_4,market_1
1/7/22,13,0,0,0,1,2,0,1,type_3,market_1
1/7/22,13,0,0,1,0,1,1,1,type_1,market_3
1/7/22,75,6,3,11,7,6,6,4,type_5,market_3
1/7/22,9,2,0,3,1,0,2,0,type_3,market_3
1/7/22,31,0,0,0,0,0,1,0,type_2,market_3
1/7/22,0,0,0,1,0,0,0,0,type_4,market_3
1/7/22,1,0,0,0,0,0,0,0,type_3,market_2
1/7/22,5,0,0,0,0,1,0,0,type_1,market_2
1/7/22,29,0,1,0,0,1,1,1,type_2,market_2
1/7/22,31,0,1,1,2,2,1,2,type_5,market_2
1/7/22,0,0,0,0,0,0,0,0,type_4,market_2
1/8/22,41,4,2,3,0,0,0,0,type_1,market_1
1/8/22,9,1,1,0,3,1,2,0,type_3,market_1
1/8/22,164,18,16,15,3,3,3,1,type_5,market_1
1/8/22,112,5,8,4,3,6,4,5,type_2,market_1
1/8/22,1,0,0,0,0,0,0,0,type_4,market_1
1/8/22,5,0,0,0,1,1,1,0,type_1,market_3
1/8/22,36,3,7,6,3,3,3,1,type_5,market_3
1/8/22,7,0,1,0,2,0,2,1,type_3,market_3
1/8/22,16,0,0,0,0,0,0,0,type_2,market_3
1/8/22,0,0,1,0,0,0,0,0,type_4,market_3
1/8/22,1,4,1,0,0,0,0,0,type_1,market_2
1/8/22,20,0,0,0,0,0,0,0,type_2,market_2
1/8/22,21,2,1,0,2,1,1,0,type_5,market_2
1/8/22,0,0,0,0,0,0,0,0,type_3,market_2
1/8/22,0,0,0,0,0,0,0,0,type_4,market_2
1/9/22,34,2,3,1,1,0,0,0,type_1,market_1
1/9/22,107,3,7,8,5,1,3,3,type_2,market_1
1/9/22,165,24,13,4,7,2,6,4,type_5,market_1
1/9/22,2,0,0,0,0,0,0,0,type_4,market_1
1/9/22,5,1,0,1,0,0,0,0,type_3,market_1
1/9/22,2,1,0,2,0,1,0,0,type_3,market_3
1/9/22,4,0,1,0,1,1,0,0,type_1,market_3
1/9/22,36,8,7,3,5,3,3,1,type_5,market_3
1/9/22,11,0,1,0,1,0,1,2,type_2,market_3
1/9/22,0,1,0,0,0,0,0,0,type_4,market_3
1/9/22,1,1,0,0,0,0,0,0,type_3,market_2
1/9/22,5,0,0,0,0,0,0,0,type_1,market_2
1/9/22,6,1,0,0,0,0,0,0,type_2,market_2
1/9/22,13,0,0,0,0,2,0,0,type_5,market_2
1/9/22,0,0,0,0,0,0,0,0,type_4,market_2
1/10/22,223,28,12,5,11,7,3,8,type_5,market_1
1/10/22,44,3,1,1,2,0,4,0,type_1,market_1
1/10/22,240,7,8,13,7,2,4,2,type_2,market_1
1/10/22,1,0,0,0,0,0,0,0,type_4,market_1
1/10/22,14,0,0,1,0,0,0,0,type_3,market_1
1/10/22,4,0,0,1,1,0,1,0,type_1,market_3
1/10/22,12,1,4,4,1,1,1,0,type_3,market_3
1/10/22,66,13,4,10,6,5,3,1,type_5,market_3
1/10/22,1,0,0,0,0,0,0,0,type_4,market_3
1/10/22,21,1,0,0,0,0,1,1,type_2,market_3
1/10/22,7,0,1,0,0,0,0,0,type_3,market_2
1/10/22,8,0,0,0,0,0,0,0,type_1,market_2
1/10/22,26,1,4,1,0,0,0,1,type_5,market_2
1/10/22,37,0,1,1,0,0,0,0,type_2,market_2
1/10/22,0,0,0,0,0,0,0,0,type_4,market_2
1/11/22,28,6,0,1,3,0,0,3,type_1,market_1
1/11/22,14,1,2,1,2,0,1,0,type_3,market_1
1/11/22,263,28,9,13,8,5,12,8,type_5,market_1
1/11/22,261,13,12,6,4,2,13,5,type_2,market_1
1/11/22,2,0,0,0,0,1,0,0,type_4,market_1
1/11/22,3,2,1,2,0,1,0,0,type_1,market_3
1/11/22,24,2,0,0,1,1,0,1,type_2,market_3
1/11/22,64,9,9,8,4,4,1,1,type_5,market_3
1/11/22,7,2,1,2,0,0,0,0,type_3,market_3
1/11/22,0,0,0,0,0,0,0,0,type_4,market_3
1/11/22,4,1,0,0,0,0,0,0,type_1,market_2
1/11/22,22,2,1,0,0,0,0,0,type_2,market_2
1/11/22,33,4,0,1,0,0,0,0,type_5,market_2
1/11/22,0,0,0,0,0,0,0,0,type_3,market_2
1/11/22,0,0,0,0,0,0,0,0,type_4,market_2
1/12/22,19,3,1,0,0,0,1,3,type_3,market_1
1/12/22,49,1,4,0,0,1,1,1,type_1,market_1
1/12/22,280,18,17,2,3,6,7,6,type_2,market_1
1/12/22,288,25,12,6,6,16,7,7,type_5,market_1
1/12/22,2,1,0,0,0,0,0,0,type_4,market_1
1/12/22,11,1,2,0,1,0,0,0,type_1,market_3
1/12/22,54,7,9,2,3,3,1,3,type_5,market_3
1/12/22,11,3,2,1,1,0,0,0,type_3,market_3
1/12/22,50,1,1,2,0,0,0,1,type_2,market_3
1/12/22,0,1,0,0,0,0,0,0,type_4,market_3
1/12/22,1,0,0,0,0,0,0,0,type_3,market_2
1/12/22,6,0,0,0,0,0,0,1,type_1,market_2
1/12/22,27,1,1,0,0,0,0,2,type_5,market_2
1/12/22,29,3,2,0,0,0,0,1,type_2,market_2
1/12/22,0,0,0,0,0,0,0,0,type_4,market_2
1/13/22,32,4,4,2,1,1,2,1,type_1,market_1
1/13/22,299,13,4,2,7,6,3,4,type_2,market_1
1/13/22,246,23,11,9,7,6,6,2,type_5,market_1
1/13/22,4,1,0,1,1,0,0,0,type_4,market_1
1/13/22,19,4,3,1,0,3,0,1,type_3,market_1
1/13/22,9,3,0,1,0,0,0,0,type_1,market_3
1/13/22,24,4,0,0,0,1,0,1,type_3,market_3
1/13/22,190,15,3,2,2,3,7,5,type_5,market_3
1/13/22,2,0,0,0,0,0,0,0,type_4,market_3
1/13/22,74,4,3,2,0,0,0,2,type_2,market_3
1/13/22,1,0,0,0,0,0,0,0,type_3,market_2
1/13/22,4,0,1,0,0,0,0,0,type_1,market_2
1/13/22,22,6,1,0,0,0,1,0,type_5,market_2
1/13/22,31,1,0,0,0,0,0,0,type_2,market_2
1/13/22,0,0,0,0,0,0,0,0,type_4,market_2
1/14/22,25,2,1,1,0,0,1,0,type_1,market_1
1/14/22,17,0,1,0,1,1,2,1,type_3,market_1
1/14/22,219,3,1,10,10,8,6,7,type_2,market_1
1/14/22,250,13,8,7,5,2,6,8,type_5,market_1
1/14/22,5,0,0,0,0,0,0,0,type_4,market_1
1/14/22,11,0,0,0,0,0,0,0,type_1,market_3
1/14/22,197,11,3,1,2,4,2,7,type_5,market_3
1/14/22,1,0,0,1,0,0,0,0,type_4,market_3
1/14/22,23,2,0,0,4,0,0,0,type_3,market_3
1/14/22,34,2,0,2,0,0,0,1,type_2,market_3
1/14/22,1,0,0,0,0,0,0,0,type_4,market_2
1/14/22,5,0,0,0,0,0,2,0,type_1,market_2
1/14/22,28,2,0,0,0,0,0,0,type_2,market_2
1/14/22,34,1,0,0,0,0,0,0,type_5,market_2
1/14/22,0,0,0,0,0,0,0,0,type_3,market_2
1/15/22,32,3,2,0,1,2,0,0,type_1,market_1
1/15/22,146,8,8,8,6,7,3,4,type_2,market_1
1/15/22,215,10,8,9,15,4,5,2,type_5,market_1
1/15/22,3,0,0,0,1,0,0,0,type_4,market_1
1/15/22,7,2,0,1,0,0,0,1,type_3,market_1
1/15/22,2,0,0,0,0,0,1,0,type_1,market_3
1/15/22,20,1,0,0,2,1,0,0,type_2,market_3
1/15/22,44,4,1,3,3,1,1,0,type_5,market_3
1/15/22,4,0,0,2,0,0,0,0,type_3,market_3
1/15/22,0,0,0,0,0,0,0,0,type_4,market_3
1/15/22,2,0,0,0,0,0,0,0,type_1,market_2
1/15/22,15,1,0,0,0,0,0,0,type_2,market_2
1/15/22,22,1,1,0,2,0,1,1,type_5,market_2
1/15/22,0,0,0,0,0,0,0,0,type_3,market_2
1/15/22,0,0,0,0,0,0,0,0,type_4,market_2
1/16/22,24,1,3,2,1,1,0,0,type_1,market_1
1/16/22,118,11,6,8,6,6,2,3,type_5,market_1
1/16/22,120,6,6,5,4,7,4,0,type_2,market_1
1/16/22,2,0,0,1,0,0,0,0,type_4,market_1
1/16/22,7,1,1,0,0,0,0,2,type_3,market_1
1/16/22,5,0,0,0,0,0,0,0,type_1,market_3
1/16/22,17,2,1,0,1,1,0,0,type_2,market_3
1/16/22,34,3,2,3,1,3,1,2,type_5,market_3
1/16/22,7,1,0,0,0,0,0,0,type_3,market_3
1/16/22,0,0,0,0,0,0,0,0,type_4,market_3
1/16/22,1,0,0,0,0,0,0,0,type_3,market_2
1/16/22,3,0,0,0,0,0,0,0,type_1,market_2
1/16/22,9,1,0,0,0,0,0,0,type_2,market_2
1/16/22,11,1,1,0,0,0,0,0,type_5,market_2
1/16/22,0,0,0,0,0,0,0,0,type_4,market_2
1/17/22,2,0,1,0,1,0,1,1,type_4,market_1
1/17/22,40,1,0,0,1,2,1,0,type_1,market_1
1/17/22,193,22,19,15,11,7,3,5,type_5,market_1
1/17/22,224,17,9,7,10,6,5,6,type_2,market_1
1/17/22,12,3,2,0,0,0,0,0,type_3,market_1
1/17/22,9,0,0,0,0,0,0,0,type_1,market_3
1/17/22,40,4,1,3,0,2,0,0,type_2,market_3
1/17/22,58,5,5,1,7,2,0,3,type_5,market_3
1/17/22,1,0,0,0,0,0,0,0,type_4,market_3
1/17/22,5,3,0,1,2,0,0,0,type_3,market_3
1/17/22,3,0,0,0,0,0,0,0,type_3,market_2
1/17/22,6,0,0,0,0,0,0,0,type_1,market_2
1/17/22,25,2,2,1,0,2,0,0,type_5,market_2
1/17/22,26,2,0,0,0,0,0,0,type_2,market_2
1/17/22,0,0,0,0,0,0,0,0,type_4,market_2
1/18/22,2,0,0,1,1,1,1,0,type_4,market_1
1/18/22,31,5,1,1,3,0,2,1,type_1,market_1
1/18/22,15,1,1,3,1,0,3,0,type_3,market_1
1/18/22,249,31,22,9,14,4,7,1,type_5,market_1
1/18/22,288,19,7,7,10,6,9,8,type_2,market_1
1/18/22,3,1,1,0,0,0,0,0,type_1,market_3
1/18/22,68,5,4,2,2,2,7,1,type_5,market_3
1/18/22,14,0,0,0,0,0,0,0,type_3,market_3
1/18/22,30,1,6,0,0,0,0,0,type_2,market_3
1/18/22,0,0,0,0,0,0,0,0,type_4,market_3
1/18/22,2,0,0,0,0,0,0,0,type_3,market_2
1/18/22,5,0,0,0,0,0,0,0,type_1,market_2
1/18/22,26,2,1,1,0,0,0,0,type_2,market_2
1/18/22,39,1,0,1,0,1,0,0,type_5,market_2
1/18/22,0,0,0,0,0,0,0,0,type_4,market_2
1/19/22,25,4,0,3,1,1,0,0,type_1,market_1
1/19/22,18,1,1,0,0,0,1,2,type_3,market_1
1/19/22,229,31,14,7,3,11,1,12,type_5,market_1
1/19/22,310,10,14,12,3,8,5,4,type_2,market_1
1/19/22,2,0,1,1,1,0,0,0,type_4,market_1
1/19/22,3,1,0,1,0,0,0,0,type_1,market_3
1/19/22,72,10,9,5,0,4,1,1,type_5,market_3
1/19/22,4,0,2,0,0,0,0,0,type_3,market_3
1/19/22,28,5,0,0,0,0,1,0,type_2,market_3
1/19/22,0,0,0,0,0,0,0,0,type_4,market_3
1/19/22,2,0,0,0,0,0,0,0,type_1,market_2
1/19/22,24,0,1,0,1,1,0,0,type_2,market_2
1/19/22,32,0,3,1,0,2,3,0,type_5,market_2
1/19/22,0,0,0,0,0,0,0,0,type_3,market_2
1/19/22,0,0,0,0,0,0,0,0,type_4,market_2
1/20/22,22,2,6,3,1,0,0,0,type_1,market_1
1/20/22,11,4,2,0,2,1,1,0,type_3,market_1
1/20/22,216,27,8,2,11,3,7,6,type_5,market_1
1/20/22,254,8,12,5,11,6,10,3,type_2,market_1
1/20/22,1,0,1,1,0,0,0,0,type_4,market_1
1/20/22,5,0,0,0,0,0,0,0,type_1,market_3
1/20/22,10,4,0,0,3,1,0,0,type_3,market_3
1/20/22,37,2,1,0,0,1,1,1,type_2,market_3
1/20/22,64,8,3,0,1,5,1,1,type_5,market_3
1/20/22,0,0,0,0,0,0,0,0,type_4,market_3
1/20/22,1,0,0,0,0,0,0,0,type_3,market_2
1/20/22,5,0,0,0,0,0,0,0,type_1,market_2
1/20/22,17,3,2,1,0,0,0,0,type_5,market_2
1/20/22,21,0,0,0,1,2,0,0,type_2,market_2
1/20/22,0,0,0,0,0,0,0,0,type_4,market_2
1/21/22,29,7,2,1,4,0,0,1,type_1,market_1
1/21/22,226,8,6,6,7,4,4,3,type_2,market_1
1/21/22,227,18,7,13,6,12,7,5,type_5,market_1
1/21/22,5,2,0,0,1,0,0,0,type_4,market_1
1/21/22,11,3,1,3,3,0,0,1,type_3,market_1
1/21/22,6,0,0,0,0,0,0,1,type_1,market_3
1/21/22,17,0,0,1,2,1,1,0,type_2,market_3
1/21/22,14,0,0,2,1,2,1,0,type_3,market_3
1/21/22,173,7,2,10,2,2,4,8,type_5,market_3
1/21/22,0,0,0,0,0,0,0,0,type_4,market_3
1/21/22,1,0,0,0,0,0,0,0,type_1,market_2
1/21/22,1,0,0,0,0,0,0,0,type_4,market_2
1/21/22,2,0,0,0,0,0,0,0,type_3,market_2
1/21/22,18,0,0,0,0,0,0,0,type_2,market_2
1/21/22,23,2,1,1,2,0,0,0,type_5,market_2
1/22/22,4,0,0,0,0,0,1,0,type_4,market_1
1/22/22,53,1,1,1,0,1,1,1,type_1,market_1
1/22/22,182,10,10,12,6,8,5,5,type_2,market_1
1/22/22,235,16,18,9,8,4,12,8,type_5,market_1
1/22/22,6,0,0,1,3,2,0,1,type_3,market_1
1/22/22,7,0,1,0,0,2,0,1,type_3,market_3
1/22/22,8,5,5,4,9,6,4,4,type_1,market_3
1/22/22,19,0,0,0,0,0,1,0,type_2,market_3
1/22/22,67,5,9,2,4,0,5,4,type_5,market_3
1/22/22,0,0,0,0,0,0,0,0,type_4,market_3
1/22/22,3,0,0,0,0,0,0,0,type_1,market_2
1/22/22,16,1,0,0,0,0,0,0,type_2,market_2
1/22/22,23,1,1,1,0,0,0,1,type_5,market_2
1/22/22,0,0,0,0,0,0,0,0,type_3,market_2
1/22/22,0,0,0,0,0,0,0,0,type_4,market_2
1/23/22,20,1,2,0,1,1,1,2,type_1,market_1
1/23/22,95,2,7,2,4,7,4,2,type_2,market_1
1/23/22,137,9,2,3,2,3,5,1,type_5,market_1
1/23/22,1,0,0,0,0,0,0,0,type_4,market_1
1/23/22,5,1,0,1,2,1,0,0,type_3,market_1
1/23/22,1,0,0,0,0,1,1,0,type_3,market_3
1/23/22,43,4,3,2,0,2,4,0,type_5,market_3
1/23/22,6,6,4,9,6,3,4,6,type_1,market_3
1/23/22,9,0,0,0,0,0,1,1,type_2,market_3
1/23/22,0,0,0,0,0,0,0,0,type_4,market_3
1/23/22,1,0,0,0,0,0,0,0,type_1,market_2
1/23/22,12,3,0,1,1,0,0,1,type_2,market_2
1/23/22,12,0,0,0,0,0,1,1,type_5,market_2
1/23/22,0,0,0,0,0,0,0,0,type_3,market_2
1/23/22,0,0,0,0,0,0,0,0,type_4,market_2
1/24/22,26,1,0,0,3,0,1,1,type_1,market_1
1/24/22,225,7,17,7,6,5,2,5,type_5,market_1
1/24/22,22,3,4,0,1,1,3,1,type_3,market_1
1/24/22,281,25,7,9,9,4,3,6,type_2,market_1
1/24/22,4,1,0,0,0,0,0,0,type_4,market_1
1/24/22,12,1,1,2,2,1,1,2,type_3,market_3
1/24/22,8,4,9,6,4,4,7,8,type_1,market_3
1/24/22,153,14,4,4,10,4,0,4,type_5,market_3
1/24/22,32,0,0,1,0,0,3,1,type_2,market_3
1/24/22,0,1,0,0,0,0,0,0,type_4,market_3
1/24/22,1,0,0,0,0,0,0,0,type_1,market_2
1/24/22,1,0,0,0,0,0,0,0,type_3,market_2
1/24/22,1,0,0,0,0,0,0,0,type_4,market_2
1/24/22,20,3,0,0,0,0,0,1,type_2,market_2
1/24/22,24,5,0,1,0,0,0,0,type_5,market_2
1/25/22,24,0,2,5,1,2,0,1,type_1,market_1
1/25/22,18,6,0,3,1,0,2,1,type_3,market_1
1/25/22,304,14,12,9,8,2,5,7,type_2,market_1
1/25/22,176,17,8,11,1,5,9,10,type_5,market_1
1/25/22,2,0,0,0,0,0,0,0,type_4,market_1
1/25/22,26,0,2,2,1,1,2,0,type_2,market_3
1/25/22,58,4,3,6,2,1,4,10,type_5,market_3
1/25/22,6,9,6,3,4,6,9,8,type_1,market_3
1/25/22,2,0,0,0,0,0,0,0,type_4,market_3
1/25/22,9,0,0,5,1,0,0,0,type_3,market_3
1/25/22,1,0,0,0,0,0,0,0,type_3,market_2
1/25/22,4,0,0,0,0,0,0,0,type_1,market_2
1/25/22,25,1,0,0,0,0,0,1,type_2,market_2
1/25/22,30,2,0,0,0,0,0,0,type_5,market_2
1/25/22,0,0,0,0,0,0,0,0,type_4,market_2
1/26/22,16,2,2,1,2,0,0,0,type_1,market_1
1/26/22,1,0,0,0,0,0,1,0,type_4,market_1
1/26/22,249,19,7,3,1,9,5,4,type_2,market_1
1/26/22,182,18,7,10,3,9,10,7,type_5,market_1
1/26/22,21,2,2,1,4,4,0,1,type_3,market_1
1/26/22,240,13,108,5,2,7,12,8,type_5,market_3
1/26/22,16,7,5,4,6,8,8,4,type_1,market_3
1/26/22,1,0,0,0,0,0,0,0,type_4,market_3
1/26/22,12,1,0,0,0,0,0,0,type_3,market_3
1/26/22,29,2,4,0,2,0,5,1,type_2,market_3
1/26/22,2,0,0,1,0,0,0,0,type_1,market_2
1/26/22,3,0,0,0,0,0,0,0,type_3,market_2
1/26/22,23,0,0,0,2,0,0,0,type_2,market_2
1/26/22,27,1,2,0,0,0,0,0,type_5,market_2
1/26/22,0,0,0,0,0,0,0,0,type_4,market_2
1/27/22,23,4,1,1,1,0,0,0,type_1,market_1
1/27/22,171,25,12,2,6,3,2,2,type_5,market_1
1/27/22,237,14,5,2,14,3,2,6,type_2,market_1
1/27/22,1,0,0,0,0,0,0,0,type_4,market_1
1/27/22,17,0,0,0,2,0,0,2,type_3,market_1
1/27/22,36,4,0,3,0,2,0,1,type_2,market_3
1/27/22,68,11,8,3,8,4,4,2,type_5,market_3
1/27/22,13,3,4,6,8,9,4,4,type_1,market_3
1/27/22,10,3,0,0,2,0,0,0,type_3,market_3
1/27/22,0,0,0,0,0,0,0,0,type_4,market_3
1/27/22,3,0,0,0,0,0,0,0,type_1,market_2
1/27/22,15,0,0,0,0,0,1,0,type_5,market_2
1/27/22,44,3,0,0,1,1,0,1,type_2,market_2
1/27/22,0,0,0,0,0,0,0,0,type_3,market_2
1/27/22,0,0,0,0,0,0,0,0,type_4,market_2
1/28/22,11,1,2,2,0,1,1,0,type_3,market_1
1/28/22,32,2,3,2,0,3,2,0,type_1,market_1
1/28/22,248,17,13,14,9,8,7,6,type_5,market_1
1/28/22,227,9,5,17,9,14,13,8,type_2,market_1
1/28/22,5,0,0,1,0,0,0,1,type_4,market_1
1/28/22,17,0,1,1,1,2,1,1,type_3,market_3
1/28/22,38,2,2,1,2,2,1,1,type_2,market_3
1/28/22,14,4,6,9,9,4,4,4,type_1,market_3
1/28/22,474,12,4,13,11,6,3,6,type_5,market_3
1/28/22,3,0,0,0,0,0,0,0,type_4,market_3
1/28/22,1,0,0,1,0,0,0,0,type_4,market_2
1/28/22,3,0,0,0,0,0,0,0,type_1,market_2
1/28/22,10,0,0,1,0,0,0,0,type_5,market_2
1/28/22,36,2,0,2,0,1,0,0,type_2,market_2
1/28/22,0,0,0,0,0,0,0,0,type_3,market_2
1/29/22,23,5,1,0,0,1,0,0,type_1,market_1
1/29/22,130,5,10,5,10,8,3,6,type_2,market_1
1/29/22,172,9,13,8,6,7,3,7,type_5,market_1
1/29/22,7,6,3,2,0,0,0,0,type_3,market_1
1/29/22,0,0,0,0,0,0,0,0,type_4,market_1
1/29/22,112,10,6,4,0,1,2,1,type_5,market_3
1/29/22,12,6,8,8,4,4,4,4,type_1,market_3
1/29/22,3,0,1,0,0,0,0,0,type_3,market_3
1/29/22,20,2,0,1,0,0,0,0,type_2,market_3
1/29/22,0,0,0,0,0,0,0,0,type_4,market_3
1/29/22,1,0,0,0,0,0,0,0,type_1,market_2
1/29/22,15,0,1,0,0,0,0,0,type_2,market_2
1/29/22,19,0,0,0,0,0,1,0,type_5,market_2
1/29/22,0,0,1,0,0,0,0,0,type_3,market_2
1/29/22,0,0,0,0,0,0,0,0,type_4,market_2
1/30/22,19,2,0,2,1,0,0,0,type_1,market_1
1/30/22,94,8,1,3,1,2,3,0,type_2,market_1
1/30/22,133,12,6,10,5,8,4,3,type_5,market_1
1/30/22,9,4,4,0,0,0,0,0,type_3,market_1
1/30/22,0,0,0,0,0,0,0,0,type_4,market_1
1/30/22,43,7,4,0,1,3,2,1,type_5,market_3
1/30/22,8,8,8,4,4,4,4,2,type_1,market_3
1/30/22,4,3,0,0,0,0,1,1,type_3,market_3
1/30/22,17,0,0,0,0,0,0,1,type_2,market_3
1/30/22,0,0,0,0,0,0,0,0,type_4,market_3
1/30/22,1,0,0,0,0,0,0,0,type_1,market_2
1/30/22,10,2,0,0,0,0,0,0,type_5,market_2
1/30/22,15,0,0,0,0,0,0,0,type_2,market_2
1/30/22,0,0,0,0,0,0,0,0,type_3,market_2
1/30/22,0,1,0,0,0,0,0,0,type_4,market_2
1/31/22,18,0,3,1,0,0,0,2,type_1,market_1
1/31/22,22,2,1,2,2,0,1,2,type_3,market_1
1/31/22,243,31,16,12,12,8,1,10,type_5,market_1
1/31/22,290,11,14,7,4,9,4,5,type_2,market_1
1/31/22,3,0,0,0,0,0,0,1,type_4,market_1
1/31/22,29,1,1,1,1,1,1,1,type_2,market_3
1/31/22,87,13,1,0,3,1,0,2,type_5,market_3
1/31/22,13,8,4,4,4,4,2,2,type_1,market_3
1/31/22,3,0,0,0,0,0,0,0,type_4,market_3
1/31/22,9,3,1,1,1,0,1,1,type_3,market_3
1/31/22,1,0,0,1,0,0,0,0,type_1,market_2
1/31/22,1,0,0,0,0,0,0,0,type_3,market_2
1/31/22,2,0,0,0,0,0,0,0,type_4,market_2
1/31/22,25,0,0,0,1,1,0,1,type_5,market_2
1/31/22,38,0,0,1,0,1,0,0,type_2,market_2
2/1/22,16,3,0,1,0,0,1,3,type_1,market_1
2/1/22,15,2,1,1,0,0,2,1,type_3,market_1
2/1/22,262,14,8,7,3,2,3,8,type_2,market_1
2/1/22,233,24,16,12,10,0,6,5,type_5,market_1
2/1/22,1,0,0,0,0,0,0,0,type_4,market_1
2/1/22,14,5,5,5,4,2,1,4,type_1,market_3
2/1/22,129,15,5,8,4,2,4,6,type_5,market_3
2/1/22,1,0,0,0,0,0,0,0,type_4,market_3
2/1/22,10,1,2,0,0,0,1,0,type_3,market_3
2/1/22,34,0,0,2,2,0,1,2,type_2,market_3
2/1/22,1,0,0,0,0,0,0,0,type_3,market_2
2/1/22,2,1,0,1,0,0,0,0,type_1,market_2
2/1/22,17,4,0,0,1,1,1,0,type_5,market_2
2/1/22,28,1,0,1,0,0,2,0,type_2,market_2
2/1/22,0,0,0,0,0,0,0,0,type_4,market_2
2/2/22,12,1,1,0,0,3,1,0,type_3,market_1
2/2/22,28,1,0,0,3,2,1,0,type_1,market_1
2/2/22,202,13,16,15,9,15,5,7,type_5,market_1
2/2/22,296,11,10,10,6,14,8,9,type_2,market_1
2/2/22,2,0,0,0,0,0,0,0,type_4,market_1
2/2/22,7,4,4,4,2,1,5,4,type_1,market_3
2/2/22,28,0,2,1,1,1,0,1,type_2,market_3
2/2/22,72,6,8,1,2,9,6,1,type_5,market_3
2/2/22,10,3,2,0,1,0,1,0,type_3,market_3
2/2/22,0,0,0,0,0,0,0,1,type_4,market_3
2/2/22,1,0,0,0,0,0,0,0,type_3,market_2
2/2/22,4,0,2,0,0,0,0,0,type_1,market_2
2/2/22,24,1,0,0,1,1,1,0,type_2,market_2
2/2/22,31,3,1,0,1,4,0,0,type_5,market_2
2/2/22,0,0,0,0,0,0,0,0,type_4,market_2
2/3/22,25,2,0,0,1,1,0,0,type_1,market_1
2/3/22,12,2,0,0,0,2,1,2,type_3,market_1
2/3/22,182,27,13,0,14,4,3,2,type_5,market_1
2/3/22,304,13,11,4,8,2,6,6,type_2,market_1
2/3/22,2,0,0,0,0,1,0,0,type_4,market_1
2/3/22,12,1,0,0,0,1,0,0,type_3,market_3
2/3/22,7,4,5,2,1,4,4,7,type_1,market_3
2/3/22,58,20,2,1,4,6,1,1,type_5,market_3
2/3/22,30,3,2,1,2,0,1,4,type_2,market_3
2/3/22,0,0,0,0,0,0,0,0,type_4,market_3
2/3/22,1,0,0,0,0,0,0,0,type_3,market_2
2/3/22,3,0,0,0,0,0,0,0,type_1,market_2
2/3/22,23,2,4,2,1,1,2,0,type_5,market_2
2/3/22,36,1,1,0,5,1,1,1,type_2,market_2
2/3/22,0,0,0,0,0,0,1,0,type_4,market_2
2/4/22,24,1,0,0,2,2,0,4,type_1,market_1
2/4/22,16,0,2,1,3,1,2,1,type_3,market_1
2/4/22,199,21,6,11,7,14,5,6,type_5,market_1
2/4/22,248,16,3,11,8,9,10,2,type_2,market_1
2/4/22,3,0,0,0,1,0,0,0,type_4,market_1
2/4/22,12,3,2,1,0,1,0,0,type_3,market_3
2/4/22,8,4,2,2,4,4,7,3,type_1,market_3
2/4/22,104,7,4,8,7,4,4,5,type_5,market_3
2/4/22,1,0,0,0,0,0,0,0,type_4,market_3
2/4/22,33,0,0,5,0,0,1,3,type_2,market_3
2/4/22,7,0,0,0,0,0,0,0,type_1,market_2
2/4/22,16,0,0,1,0,0,0,0,type_2,market_2
2/4/22,25,2,0,0,1,0,0,0,type_5,market_2
2/4/22,0,0,0,0,0,0,0,0,type_3,market_2
2/4/22,0,0,0,0,0,0,0,0,type_4,market_2
2/5/22,11,3,1,1,0,2,4,1,type_1,market_1
2/5/22,152,16,10,9,7,7,4,7,type_5,market_1
2/5/22,164,8,7,1,2,4,7,3,type_2,market_1
2/5/22,9,0,2,1,1,0,0,0,type_3,market_1
2/5/22,0,0,0,1,0,0,0,0,type_4,market_1
2/5/22,89,7,5,1,0,1,2,2,type_5,market_3
2/5/22,18,2,3,2,2,3,2,1,type_2,market_3
2/5/22,8,2,1,4,4,7,3,4,type_1,market_3
2/5/22,7,1,0,0,1,0,0,0,type_3,market_3
2/5/22,0,1,0,0,0,0,0,0,type_4,market_3
2/5/22,1,0,1,0,0,0,0,0,type_1,market_2
2/5/22,11,0,0,0,1,0,0,0,type_2,market_2
2/5/22,19,0,0,1,1,0,0,0,type_5,market_2
2/5/22,0,0,0,0,0,0,0,0,type_3,market_2
2/5/22,0,0,0,0,0,0,0,0,type_4,market_2
2/6/22,23,1,2,0,1,0,0,0,type_1,market_1
2/6/22,97,11,0,4,2,4,3,1,type_5,market_1
2/6/22,120,11,4,3,6,2,5,3,type_2,market_1
2/6/22,1,0,0,1,0,0,0,0,type_4,market_1
2/6/22,4,0,0,0,1,0,0,0,type_3,market_1
2/6/22,5,2,1,0,2,1,0,0,type_3,market_3
2/6/22,39,4,2,2,1,1,3,2,type_5,market_3
2/6/22,20,0,2,2,1,2,0,3,type_2,market_3
2/6/22,2,1,5,5,7,3,4,10,type_1,market_3
2/6/22,2,0,0,0,0,0,0,0,type_4,market_3
2/6/22,4,1,0,0,0,1,0,1,type_2,market_2
2/6/22,11,4,0,1,0,0,0,0,type_5,market_2
2/6/22,0,1,0,0,0,0,0,0,type_1,market_2
2/6/22,0,0,0,0,0,0,0,0,type_3,market_2
2/6/22,0,0,0,1,0,0,0,0,type_4,market_2
2/7/22,24,6,1,0,8,1,2,2,type_1,market_1
2/7/22,303,11,10,16,3,8,4,14,type_2,market_1
2/7/22,208,26,11,8,7,10,6,12,type_5,market_1
2/7/22,2,0,1,0,0,0,0,0,type_4,market_1
2/7/22,26,4,5,4,1,2,0,1,type_3,market_1
2/7/22,30,0,0,4,2,1,2,1,type_2,market_3
2/7/22,200,14,6,11,1,2,1,3,type_5,market_3
2/7/22,11,5,4,7,3,5,10,4,type_1,market_3
2/7/22,1,0,0,0,0,0,0,0,type_4,market_3
2/7/22,19,4,0,3,3,0,0,5,type_3,market_3
2/7/22,1,0,0,0,0,0,0,0,type_3,market_2
2/7/22,1,0,1,0,0,0,0,0,type_4,market_2
2/7/22,3,0,0,0,0,0,0,0,type_1,market_2
2/7/22,19,0,0,1,0,0,0,0,type_2,market_2
2/7/22,33,2,1,0,0,0,0,0,type_5,market_2
2/8/22,31,3,1,2,1,0,1,0,type_1,market_1
2/8/22,190,25,7,4,4,5,4,0,type_5,market_1
2/8/22,217,12,10,4,3,5,13,4,type_2,market_1
2/8/22,6,0,0,0,0,0,0,0,type_4,market_1
2/8/22,24,3,3,2,0,0,0,1,type_3,market_1
2/8/22,68,6,15,2,0,2,2,4,type_5,market_3
2/8/22,27,4,3,3,0,4,3,2,type_2,market_3
2/8/22,10,4,7,5,4,10,4,5,type_1,market_3
2/8/22,2,0,0,0,0,0,0,0,type_4,market_3
2/8/22,10,2,1,2,2,0,4,3,type_3,market_3
2/8/22,1,0,0,0,0,0,0,0,type_3,market_2
2/8/22,4,0,0,0,0,0,0,0,type_1,market_2
2/8/22,17,3,0,0,0,0,0,0,type_2,market_2
2/8/22,24,0,1,0,0,0,0,0,type_5,market_2
2/8/22,0,0,0,0,0,0,0,0,type_4,market_2
2/9/22,24,0,3,1,1,1,0,1,type_1,market_1
2/9/22,199,18,8,8,6,9,7,1,type_5,market_1
2/9/22,254,8,11,8,4,10,8,5,type_2,market_1
2/9/22,2,0,0,0,0,0,0,0,type_4,market_1
2/9/22,19,1,1,0,0,1,0,0,type_3,market_1
2/9/22,27,1,2,0,3,1,0,0,type_2,market_3
2/9/22,11,0,3,1,1,3,0,0,type_3,market_3
2/9/22,10,8,3,5,10,5,5,4,type_1,market_3
2/9/22,70,4,10,3,3,15,5,2,type_5,market_3
2/9/22,2,0,0,0,0,0,0,0,type_4,market_3
2/9/22,1,0,0,0,0,0,0,0,type_1,market_2
2/9/22,2,0,0,0,0,0,0,0,type_4,market_2
2/9/22,15,0,0,0,0,0,1,0,type_2,market_2
2/9/22,27,2,0,1,0,0,0,0,type_5,market_2
2/9/22,0,0,0,0,0,0,0,0,type_3,market_2
2/10/22,1,0,0,0,0,0,1,0,type_4,market_1
2/10/22,21,0,1,0,0,1,2,1,type_3,market_1
2/10/22,31,8,0,0,1,1,2,2,type_1,market_1
2/10/22,258,11,10,4,7,7,7,5,type_2,market_1
2/10/22,155,16,8,7,9,7,11,8,type_5,market_1
2/10/22,8,1,0,0,3,1,3,1,type_3,market_3
2/10/22,38,2,4,6,2,2,1,2,type_2,market_3
2/10/22,15,5,4,10,4,4,4,5,type_1,market_3
2/10/22,5,0,0,0,0,0,0,0,type_4,market_3
2/10/22,182,22,6,3,5,0,2,9,type_5,market_3
2/10/22,1,0,0,0,1,0,1,0,type_3,market_2
2/10/22,5,0,0,0,0,0,0,1,type_1,market_2
2/10/22,13,0,0,0,0,0,0,0,type_5,market_2
2/10/22,19,3,0,0,0,0,0,2,type_2,market_2
2/10/22,0,0,0,0,0,0,0,0,type_4,market_2
2/11/22,37,0,0,1,0,2,0,0,type_1,market_1
2/11/22,24,2,0,3,1,1,2,0,type_3,market_1
2/11/22,173,20,5,11,3,10,3,2,type_5,market_1
2/11/22,197,10,4,10,7,4,5,8,type_2,market_1
2/11/22,5,0,0,0,0,1,0,0,type_4,market_1
2/11/22,13,2,1,6,2,2,2,1,type_3,market_3
2/11/22,22,2,3,2,1,3,1,3,type_2,market_3
2/11/22,18,5,10,4,5,5,5,3,type_1,market_3
2/11/22,136,8,5,5,9,18,10,5,type_5,market_3
2/11/22,3,0,0,0,0,0,0,1,type_4,market_3
2/11/22,1,0,0,0,0,0,0,0,type_3,market_2
2/11/22,2,0,0,0,0,0,0,0,type_1,market_2
2/11/22,17,0,1,0,0,0,0,0,type_2,market_2
2/11/22,18,1,0,0,1,3,0,0,type_5,market_2
2/11/22,0,0,0,0,0,0,0,0,type_4,market_2
2/12/22,17,4,1,0,3,0,1,3,type_1,market_1
2/12/22,178,17,13,5,3,2,1,2,type_5,market_1
2/12/22,9,1,1,1,2,1,2,0,type_3,market_1
2/12/22,171,12,6,3,4,7,2,4,type_2,market_1
2/12/22,0,0,0,0,0,0,0,0,type_4,market_1
2/12/22,9,0,5,0,0,2,2,1,type_3,market_3
2/12/22,11,12,5,5,4,5,3,6,type_1,market_3
2/12/22,131,43,7,5,6,8,13,3,type_5,market_3
2/12/22,4,0,0,0,0,0,1,0,type_4,market_3
2/12/22,18,2,2,2,0,0,0,3,type_2,market_3
2/12/22,1,0,0,0,0,0,0,0,type_3,market_2
2/12/22,2,0,0,0,0,0,0,0,type_1,market_2
2/12/22,11,1,0,1,0,0,0,0,type_2,market_2
2/12/22,16,0,1,1,1,0,0,0,type_5,market_2
2/12/22,0,0,0,0,0,0,0,0,type_4,market_2
2/13/22,26,0,0,0,1,0,0,0,type_1,market_1
2/13/22,1,2,0,1,0,0,1,0,type_3,market_1
2/13/22,134,11,9,8,2,4,4,1,type_5,market_1
2/13/22,137,7,10,4,8,1,4,2,type_2,market_1
2/13/22,1,0,0,0,0,0,0,0,type_4,market_1
2/13/22,1,1,0,0,0,1,0,0,type_4,market_3
2/13/22,17,5,4,4,5,3,6,2,type_1,market_3
2/13/22,189,60,24,10,5,5,7,1,type_5,market_3
2/13/22,10,3,1,0,0,0,1,1,type_3,market_3
2/13/22,29,3,3,3,1,0,2,0,type_2,market_3
2/13/22,3,0,0,0,0,0,0,0,type_1,market_2
2/13/22,11,0,1,0,0,0,0,0,type_2,market_2
2/13/22,12,1,0,0,0,0,0,0,type_5,market_2
2/13/22,0,0,0,0,0,0,0,0,type_3,market_2
2/13/22,0,0,0,0,0,0,0,0,type_4,market_2
2/14/22,29,0,2,2,0,1,0,1,type_1,market_1
2/14/22,252,19,10,8,13,8,5,9,type_2,market_1
2/14/22,196,20,13,4,4,1,6,4,type_5,market_1
2/14/22,2,0,1,0,0,0,0,0,type_4,market_1
2/14/22,21,1,1,2,2,0,0,1,type_3,market_1
2/14/22,40,1,1,1,2,1,0,1,type_2,market_3
2/14/22,9,5,4,5,4,6,2,3,type_1,market_3
2/14/22,373,63,16,9,13,10,4,1,type_5,market_3
2/14/22,7,0,0,0,1,0,0,0,type_4,market_3
2/14/22,21,3,0,1,1,0,1,0,type_3,market_3
2/14/22,1,0,0,0,0,0,0,0,type_3,market_2
2/14/22,4,0,0,0,0,0,0,0,type_1,market_2
2/14/22,18,1,0,0,0,0,0,0,type_5,market_2
2/14/22,25,0,0,1,0,0,0,0,type_2,market_2
2/14/22,0,0,0,0,0,0,0,0,type_4,market_2
2/15/22,16,2,3,4,0,0,1,0,type_3,market_1
2/15/22,15,1,1,1,3,1,3,0,type_1,market_1
2/15/22,311,17,7,8,6,9,5,2,type_2,market_1
2/15/22,168,25,6,2,3,5,11,8,type_5,market_1
2/15/22,0,0,0,0,0,0,0,0,type_4,market_1
2/15/22,8,4,5,3,6,2,3,7,type_1,market_3
2/15/22,22,1,0,0,0,2,0,2,type_2,market_3
2/15/22,158,17,15,15,6,2,9,4,type_5,market_3
2/15/22,18,2,1,1,1,0,0,2,type_3,market_3
2/15/22,0,0,0,1,0,0,0,0,type_4,market_3
2/15/22,1,0,0,0,0,0,0,0,type_1,market_2
2/15/22,2,0,0,0,0,0,0,0,type_3,market_2
2/15/22,20,0,2,0,0,0,0,0,type_2,market_2
2/15/22,23,1,1,1,2,0,0,0,type_5,market_2
2/15/22,0,0,0,0,0,0,0,0,type_4,market_2
2/16/22,26,3,1,0,0,0,1,0,type_1,market_1
2/16/22,236,8,8,6,4,6,4,7,type_2,market_1
2/16/22,174,6,8,8,6,9,7,2,type_5,market_1
2/16/22,3,0,0,0,0,0,0,0,type_4,market_1
2/16/22,18,0,4,2,1,1,0,0,type_3,market_1
2/16/22,98,9,16,17,3,1,17,20,type_5,market_3
2/16/22,15,4,2,2,0,2,4,1,type_3,market_3
2/16/22,41,4,3,0,0,2,3,1,type_2,market_3
2/16/22,8,5,3,6,2,3,7,3,type_1,market_3
2/16/22,0,0,1,0,0,0,0,0,type_4,market_3
2/16/22,1,0,0,0,0,0,0,0,type_4,market_2
2/16/22,2,0,0,0,0,0,0,0,type_3,market_2
2/16/22,3,0,0,1,0,0,0,0,type_1,market_2
2/16/22,18,0,1,0,0,0,0,1,type_2,market_2
2/16/22,21,0,3,0,0,1,1,0,type_5,market_2
2/17/22,15,1,1,1,1,0,0,1,type_1,market_1
2/17/22,157,10,3,6,3,4,5,8,type_5,market_1
2/17/22,242,7,4,2,2,14,8,3,type_2,market_1
2/17/22,3,0,0,1,0,1,0,0,type_4,market_1
2/17/22,9,3,0,1,2,0,0,0,type_3,market_1
2/17/22,5,1,0,0,0,1,0,0,type_4,market_3
2/17/22,9,3,1,0,2,2,0,2,type_3,market_3
2/17/22,34,3,1,1,4,2,1,3,type_2,market_3
2/17/22,10,3,6,2,3,7,2,0,type_1,market_3
2/17/22,285,138,12,0,2,7,3,3,type_5,market_3
2/17/22,1,1,0,0,0,0,0,0,type_3,market_2
2/17/22,4,0,0,0,0,2,0,0,type_1,market_2
2/17/22,23,4,1,0,0,1,0,4,type_5,market_2
2/17/22,33,2,0,0,1,2,3,0,type_2,market_2
2/17/22,0,0,0,0,0,0,0,0,type_4,market_2
2/18/22,20,3,0,1,1,1,1,0,type_1,market_1
2/18/22,157,14,6,7,4,4,4,4,type_5,market_1
2/18/22,263,11,3,9,5,7,4,4,type_2,market_1
2/18/22,2,0,0,0,1,0,0,0,type_4,market_1
2/18/22,18,0,0,3,1,0,0,0,type_3,market_1
2/18/22,5,6,2,4,7,2,0,6,type_1,market_3
2/18/22,454,29,4,15,14,10,7,3,type_5,market_3
2/18/22,3,0,0,0,0,0,0,1,type_4,market_3
2/18/22,9,2,0,1,1,0,2,1,type_3,market_3
2/18/22,27,1,1,3,2,0,2,0,type_2,market_3
2/18/22,1,0,0,0,0,0,0,0,type_3,market_2
2/18/22,3,0,0,0,0,0,0,0,type_1,market_2
2/18/22,18,1,1,0,0,1,0,0,type_5,market_2
2/18/22,25,0,0,1,2,1,1,0,type_2,market_2
2/18/22,0,0,0,0,0,0,0,0,type_4,market_2
2/19/22,24,2,2,1,0,2,1,1,type_1,market_1
2/19/22,150,8,6,7,3,3,3,2,type_2,market_1
2/19/22,150,15,13,6,1,7,9,3,type_5,market_1
2/19/22,8,3,1,2,0,1,0,0,type_3,market_1
2/19/22,0,1,0,0,0,0,0,0,type_4,market_1
2/19/22,11,2,3,7,2,0,6,3,type_1,market_3
2/19/22,7,1,3,3,4,1,0,0,type_3,market_3
2/19/22,81,6,8,7,6,2,1,1,type_5,market_3
2/19/22,19,0,0,0,0,0,0,2,type_2,market_3
2/19/22,0,0,0,0,0,0,0,0,type_4,market_3
2/19/22,3,0,0,0,0,0,0,0,type_1,market_2
2/19/22,11,0,2,0,0,0,0,0,type_5,market_2
2/19/22,14,0,1,0,0,0,0,0,type_2,market_2
2/19/22,0,0,0,0,0,0,0,0,type_3,market_2
2/19/22,0,0,0,0,0,0,0,0,type_4,market_2
2/20/22,12,2,1,0,0,1,0,1,type_1,market_1
2/20/22,122,7,3,3,3,2,1,2,type_2,market_1
2/20/22,132,13,11,7,3,7,5,9,type_5,market_1
2/20/22,2,1,0,0,0,0,0,0,type_4,market_1
2/20/22,9,5,1,3,2,0,0,1,type_3,market_1
2/20/22,104,5,5,2,1,2,0,1,type_5,market_3
2/20/22,5,3,8,3,0,6,3,5,type_1,market_3
2/20/22,6,3,0,6,2,0,1,0,type_3,market_3
2/20/22,27,1,0,1,1,0,1,0,type_2,market_3
2/20/22,0,0,0,0,0,0,0,0,type_4,market_3
2/20/22,1,0,0,0,0,0,0,0,type_1,market_2
2/20/22,3,0,1,0,2,0,0,0,type_2,market_2
2/20/22,14,1,1,0,0,0,0,1,type_5,market_2
2/20/22,0,0,0,0,0,0,0,0,type_3,market_2
2/20/22,0,0,0,0,0,0,0,0,type_4,market_2
2/21/22,18,4,0,0,1,2,0,1,type_1,market_1
2/21/22,198,16,16,8,6,7,2,14,type_5,market_1
2/21/22,241,9,15,5,7,7,5,9,type_2,market_1
2/21/22,5,0,0,0,0,0,0,0,type_4,market_1
2/21/22,23,1,1,0,4,1,0,1,type_3,market_1
2/21/22,14,0,5,2,1,1,0,2,type_3,market_3
2/21/22,4,7,2,0,6,3,5,13,type_1,market_3
2/21/22,38,2,1,1,1,0,0,0,type_2,market_3
2/21/22,131,10,3,1,3,0,2,1,type_5,market_3
2/21/22,0,0,0,0,0,0,0,0,type_4,market_3
2/21/22,1,0,0,0,0,0,0,0,type_1,market_2
2/21/22,1,0,0,0,0,0,0,0,type_4,market_2
2/21/22,18,1,0,0,1,0,0,3,type_2,market_2
2/21/22,20,1,1,0,0,0,1,0,type_5,market_2
2/21/22,0,0,0,0,0,0,0,0,type_3,market_2
2/22/22,9,0,0,0,1,0,1,1,type_4,market_1
2/22/22,15,4,1,0,1,2,1,1,type_3,market_1
2/22/22,45,1,2,0,1,0,1,0,type_1,market_1
2/22/22,254,20,11,8,7,7,10,8,type_5,market_1
2/22/22,300,21,14,11,8,2,13,14,type_2,market_1
2/22/22,41,1,1,0,1,1,1,0,type_2,market_3
2/22/22,227,69,5,2,1,1,0,1,type_5,market_3
2/22/22,14,5,0,6,3,5,12,1,type_1,market_3
2/22/22,2,1,0,0,0,0,0,1,type_4,market_3
2/22/22,9,2,1,0,0,0,0,0,type_3,market_3
2/22/22,1,0,0,0,0,0,0,0,type_4,market_2
2/22/22,5,0,0,0,1,0,1,0,type_1,market_2
2/22/22,23,1,4,0,0,1,1,0,type_5,market_2
2/22/22,28,2,2,0,0,1,0,2,type_2,market_2
2/22/22,0,0,0,0,0,0,0,0,type_3,market_2
2/23/22,24,0,1,2,1,1,0,0,type_1,market_1
2/23/22,295,3,11,5,7,14,4,6,type_2,market_1
2/23/22,189,17,16,5,6,12,8,4,type_5,market_1
2/23/22,1,0,0,0,0,0,0,0,type_4,market_1
2/23/22,15,1,3,0,2,1,0,3,type_3,market_1
2/23/22,259,4,2,3,2,3,7,11,type_5,market_3
2/23/22,8,0,6,3,5,12,1,3,type_1,market_3
2/23/22,3,0,0,0,0,0,0,0,type_4,market_3
2/23/22,14,1,0,0,0,0,0,2,type_3,market_3
2/23/22,32,2,1,2,1,0,1,1,type_2,market_3
2/23/22,1,0,0,0,0,0,0,0,type_1,market_2
2/23/22,25,0,0,0,1,0,0,0,type_5,market_2
2/23/22,29,0,1,0,1,0,0,0,type_2,market_2
2/23/22,0,1,0,0,0,0,0,1,type_3,market_2
2/23/22,0,0,0,0,0,0,0,0,type_4,market_2
2/24/22,13,2,2,0,0,0,2,1,type_1,market_1
2/24/22,276,19,4,6,6,9,2,7,type_2,market_1
2/24/22,8,1,0,1,1,1,3,1,type_3,market_1
2/24/22,181,20,10,4,8,9,13,3,type_5,market_1
2/24/22,2,0,0,0,0,0,0,0,type_4,market_1
2/24/22,4,6,3,5,13,1,3,2,type_1,market_3
2/24/22,23,2,1,0,0,1,1,0,type_2,market_3
2/24/22,11,1,1,0,2,3,0,1,type_3,market_3
2/24/22,3,0,0,0,0,0,0,0,type_4,market_3
2/24/22,55,4,0,1,0,0,2,1,type_5,market_3
2/24/22,1,0,0,0,0,0,1,0,type_3,market_2
2/24/22,15,1,1,2,1,0,0,1,type_2,market_2
2/24/22,26,0,1,0,0,0,1,0,type_5,market_2
2/24/22,0,0,1,0,1,0,0,0,type_1,market_2
2/24/22,0,0,0,0,0,0,0,0,type_4,market_2
2/25/22,18,1,0,2,1,1,0,1,type_1,market_1
2/25/22,14,1,0,4,2,1,1,1,type_3,market_1
2/25/22,183,22,14,12,8,14,4,1,type_5,market_1
2/25/22,278,17,12,15,9,4,5,5,type_2,market_1
2/25/22,3,0,0,0,0,0,0,0,type_4,market_1
2/25/22,8,3,0,0,1,1,1,1,type_3,market_3
2/25/22,35,0,0,1,1,1,0,0,type_2,market_3
2/25/22,54,4,1,4,3,1,2,5,type_5,market_3
2/25/22,7,5,5,12,1,3,2,4,type_1,market_3
2/25/22,1,0,0,0,0,0,0,0,type_4,market_3
2/25/22,3,0,0,0,0,0,0,0,type_1,market_2
2/25/22,13,0,0,2,0,0,1,0,type_2,market_2
2/25/22,14,1,0,2,0,0,0,0,type_5,market_2
2/25/22,0,0,0,0,0,0,0,0,type_3,market_2
2/25/22,0,0,0,0,0,0,0,0,type_4,market_2
2/26/22,18,2,1,1,0,3,0,0,type_1,market_1
2/26/22,180,19,9,9,7,8,4,3,type_5,market_1
2/26/22,198,9,6,12,5,11,6,7,type_2,market_1
2/26/22,1,1,0,0,0,0,0,0,type_4,market_1
2/26/22,13,1,3,3,2,0,0,2,type_3,market_1
2/26/22,7,5,14,1,3,2,5,0,type_1,market_3
2/26/22,63,7,7,2,0,3,5,5,type_5,market_3
2/26/22,7,0,2,0,0,0,0,0,type_3,market_3
2/26/22,25,0,2,1,0,0,0,0,type_2,market_3
2/26/22,0,0,0,0,0,0,0,0,type_4,market_3
2/26/22,1,0,1,0,0,0,0,0,type_1,market_2
2/26/22,13,1,0,0,0,0,0,0,type_2,market_2
2/26/22,16,0,0,0,0,1,0,1,type_5,market_2
2/26/22,0,0,0,0,0,0,0,0,type_3,market_2
2/26/22,0,0,0,0,0,0,0,0,type_4,market_2
2/27/22,17,0,0,0,0,0,1,0,type_1,market_1
2/27/22,141,13,3,2,3,1,3,4,type_2,market_1
2/27/22,143,14,14,5,2,2,3,5,type_5,market_1
2/27/22,5,0,1,0,0,0,0,0,type_4,market_1
2/27/22,7,1,3,0,0,1,0,0,type_3,market_1
2/27/22,39,6,1,3,0,2,7,2,type_5,market_3
2/27/22,9,13,1,3,2,4,0,0,type_1,market_3
2/27/22,6,0,0,0,0,0,0,0,type_3,market_3
2/27/22,21,1,1,0,1,0,0,1,type_2,market_3
2/27/22,0,0,0,0,0,0,0,0,type_4,market_3
2/27/22,8,1,0,0,0,0,0,0,type_5,market_2
2/27/22,11,1,0,0,0,0,0,0,type_2,market_2
2/27/22,0,0,0,0,0,0,0,0,type_1,market_2
2/27/22,0,0,0,0,0,0,0,0,type_3,market_2
2/27/22,0,0,0,0,0,0,0,0,type_4,market_2
2/28/22,35,3,0,3,0,3,0,0,type_1,market_1
2/28/22,6,0,0,0,0,1,1,1,type_4,market_1
2/28/22,433,25,16,11,12,7,7,11,type_2,market_1
2/28/22,250,29,19,15,4,14,10,9,type_5,market_1
2/28/22,29,5,4,4,1,0,0,2,type_3,market_1
2/28/22,22,2,4,2,4,1,0,0,type_1,market_3
2/28/22,37,3,1,1,0,1,0,0,type_2,market_3
2/28/22,3,0,1,0,1,0,0,0,type_3,market_3
2/28/22,69,3,4,0,0,0,0,3,type_5,market_3
2/28/22,0,0,0,0,0,0,0,0,type_4,market_3
2/28/22,5,0,0,0,0,0,0,0,type_1,market_2
2/28/22,38,2,1,0,0,0,0,0,type_5,market_2
2/28/22,43,2,0,0,2,0,0,1,type_2,market_2
2/28/22,0,0,0,0,0,0,0,0,type_3,market_2
2/28/22,0,0,0,0,0,0,0,0,type_4,market_2
3/1/22,19,0,4,0,2,1,0,2,type_1,market_1
3/1/22,25,1,1,0,2,1,2,1,type_3,market_1
3/1/22,242,31,6,11,6,5,6,5,type_5,market_1
3/1/22,366,20,20,13,13,8,13,7,type_2,market_1
3/1/22,3,0,0,0,0,1,0,0,type_4,market_1
3/1/22,5,3,3,6,0,0,0,0,type_1,market_3
3/1/22,14,2,2,0,1,1,3,3,type_3,market_3
3/1/22,51,11,8,20,9,3,4,3,type_5,market_3
3/1/22,1,0,0,0,0,0,0,0,type_4,market_3
3/1/22,42,1,2,2,2,0,1,0,type_2,market_3
3/1/22,1,0,0,0,0,0,0,0,type_1,market_2
3/1/22,20,2,0,0,0,1,0,0,type_5,market_2
3/1/22,40,2,0,1,0,3,0,0,type_2,market_2
3/1/22,0,0,0,0,0,0,0,0,type_3,market_2
3/1/22,0,0,0,0,0,0,0,0,type_4,market_2
3/2/22,1,0,1,1,0,0,1,0,type_4,market_1
3/2/22,16,4,0,2,1,0,2,0,type_1,market_1
3/2/22,342,11,8,5,7,9,8,15,type_2,market_1
3/2/22,196,31,10,21,11,11,11,10,type_5,market_1
3/2/22,22,3,1,3,0,2,0,1,type_3,market_1
3/2/22,7,3,6,0,0,0,1,0,type_1,market_3
3/2/22,16,1,1,2,0,1,0,3,type_3,market_3
3/2/22,87,28,20,9,3,24,3,0,type_5,market_3
3/2/22,33,3,1,2,0,0,2,3,type_2,market_3
3/2/22,0,0,0,0,0,0,0,0,type_4,market_3
3/2/22,1,0,0,0,0,0,0,0,type_1,market_2
3/2/22,3,0,0,0,0,0,0,1,type_3,market_2
3/2/22,27,4,0,1,0,3,0,0,type_5,market_2
3/2/22,32,0,4,0,1,0,0,1,type_2,market_2
3/2/22,0,0,0,0,0,0,0,0,type_4,market_2
3/3/22,15,0,1,1,4,1,1,1,type_3,market_1
3/3/22,32,4,2,1,1,2,2,0,type_1,market_1
3/3/22,213,25,13,11,9,7,4,9,type_5,market_1
3/3/22,368,22,15,5,13,12,7,7,type_2,market_1
3/3/22,2,1,1,1,0,1,0,0,type_4,market_1
3/3/22,10,1,0,1,1,1,1,4,type_3,market_3
3/3/22,10,4,1,0,1,2,1,0,type_1,market_3
3/3/22,46,0,1,0,2,3,1,0,type_2,market_3
3/3/22,168,25,11,11,27,4,4,1,type_5,market_3
3/3/22,1,0,0,0,0,0,0,0,type_4,market_3
3/3/22,4,0,0,0,0,0,0,0,type_1,market_2
3/3/22,24,5,0,0,0,0,0,0,type_2,market_2
3/3/22,24,0,2,0,0,0,0,0,type_5,market_2
3/3/22,0,0,0,0,0,0,0,0,type_3,market_2
3/3/22,0,0,0,0,0,0,0,0,type_4,market_2
3/4/22,5,0,1,0,0,0,1,0,type_4,market_1
3/4/22,15,0,0,1,0,0,1,1,type_3,market_1
3/4/22,18,0,0,1,2,1,1,1,type_1,market_1
3/4/22,174,10,11,11,8,8,4,1,type_5,market_1
3/4/22,279,11,7,11,12,10,5,14,type_2,market_1
3/4/22,17,3,0,0,1,0,1,0,type_1,market_3
3/4/22,14,2,1,1,0,5,5,5,type_3,market_3
3/4/22,181,44,16,10,6,6,2,6,type_5,market_3
3/4/22,2,0,0,0,0,0,0,0,type_4,market_3
3/4/22,24,1,1,2,0,0,2,2,type_2,market_3
3/4/22,1,0,0,0,0,0,0,0,type_1,market_2
3/4/22,4,0,0,1,0,1,0,0,type_3,market_2
3/4/22,16,1,0,0,0,0,1,0,type_5,market_2
3/4/22,33,2,0,0,0,0,3,0,type_2,market_2
3/4/22,0,0,0,0,0,0,0,0,type_4,market_2
3/5/22,31,1,2,1,0,0,1,0,type_1,market_1
3/5/22,19,0,1,0,0,0,2,1,type_3,market_1
3/5/22,182,9,16,3,5,8,2,4,type_5,market_1
3/5/22,178,8,11,10,3,3,8,3,type_2,market_1
3/5/22,2,1,0,1,0,0,0,0,type_4,market_1
3/5/22,4,0,1,0,0,0,0,0,type_1,market_3
3/5/22,15,2,0,2,1,3,0,1,type_2,market_3
3/5/22,3,0,1,0,1,0,0,0,type_3,market_3
3/5/22,127,16,7,6,5,0,6,0,type_5,market_3
3/5/22,0,0,0,0,0,0,0,0,type_4,market_3
3/5/22,1,0,0,0,0,0,0,0,type_1,market_2
3/5/22,16,0,2,1,0,2,0,0,type_2,market_2
3/5/22,39,0,1,1,0,0,0,0,type_5,market_2
3/5/22,0,0,0,0,0,0,0,0,type_3,market_2
3/5/22,0,0,0,0,0,0,0,0,type_4,market_2
3/6/22,20,1,2,0,0,1,0,3,type_1,market_1
3/6/22,141,7,10,8,3,3,5,4,type_5,market_1
3/6/22,169,12,8,8,6,7,7,4,type_2,market_1
3/6/22,5,1,0,0,0,0,0,0,type_3,market_1
3/6/22,6,0,0,0,0,0,0,0,type_4,market_1
3/6/22,3,0,0,0,1,0,0,0,type_1,market_3
3/6/22,5,3,0,0,1,1,3,2,type_3,market_3
3/6/22,60,5,4,2,0,8,0,0,type_5,market_3
3/6/22,15,0,1,1,0,0,0,0,type_2,market_3
3/6/22,0,0,0,0,0,0,0,0,type_4,market_3
3/6/22,9,0,1,0,0,0,0,0,type_2,market_2
3/6/22,10,5,1,0,0,0,0,0,type_5,market_2
3/6/22,0,0,0,0,0,0,0,0,type_1,market_2
3/6/22,0,0,0,0,0,0,0,0,type_3,market_2
3/6/22,0,0,0,0,0,0,0,0,type_4,market_2
3/7/22,16,2,1,2,2,2,0,1,type_1,market_1
3/7/22,206,20,21,10,11,6,5,11,type_5,market_1
3/7/22,382,24,7,8,9,13,6,19,type_2,market_1
3/7/22,6,1,0,0,0,0,0,0,type_4,market_1
3/7/22,18,2,2,2,1,0,0,1,type_3,market_1
3/7/22,7,3,0,0,1,0,0,0,type_1,market_3
3/7/22,33,4,2,1,0,1,0,2,type_2,market_3
3/7/22,15,4,3,7,2,2,3,1,type_3,market_3
3/7/22,171,21,20,18,15,3,4,5,type_5,market_3
3/7/22,0,0,0,0,0,0,0,0,type_4,market_3
3/7/22,2,0,1,0,0,0,0,0,type_1,market_2
3/7/22,2,0,0,0,0,0,0,0,type_3,market_2
3/7/22,33,1,1,0,0,0,0,3,type_2,market_2
3/7/22,34,5,0,1,0,0,0,0,type_5,market_2
3/7/22,0,0,0,0,0,0,0,0,type_4,market_2
3/8/22,25,2,1,1,2,1,0,0,type_1,market_1
3/8/22,182,27,12,12,9,2,5,7,type_5,market_1
3/8/22,352,10,7,12,5,5,13,8,type_2,market_1
3/8/22,3,0,0,0,0,0,0,1,type_4,market_1
3/8/22,17,1,1,4,0,0,0,2,type_3,market_1
3/8/22,6,0,1,1,1,0,0,1,type_1,market_3
3/8/22,28,2,0,0,0,1,2,1,type_2,market_3
3/8/22,18,3,8,3,2,2,2,2,type_3,market_3
3/8/22,94,19,25,15,2,3,8,2,type_5,market_3
3/8/22,0,0,0,0,0,0,1,0,type_4,market_3
3/8/22,3,0,0,0,0,0,0,0,type_1,market_2
3/8/22,24,3,0,0,0,0,0,2,type_2,market_2
3/8/22,25,2,3,0,0,0,0,2,type_5,market_2
3/8/22,0,0,0,0,0,0,0,0,type_3,market_2
3/8/22,0,0,0,0,0,0,0,0,type_4,market_2
3/9/22,21,3,0,1,1,2,0,1,type_1,market_1
3/9/22,1,0,0,0,0,0,1,0,type_4,market_1
3/9/22,15,0,3,2,0,1,4,1,type_3,market_1
3/9/22,202,21,7,6,2,14,6,3,type_5,market_1
3/9/22,306,19,12,8,4,7,7,9,type_2,market_1
3/9/22,4,2,1,0,0,1,0,0,type_1,market_3
3/9/22,33,2,0,0,1,2,2,3,type_2,market_3
3/9/22,13,8,4,4,2,4,8,4,type_3,market_3
3/9/22,105,26,16,1,6,7,5,12,type_5,market_3
3/9/22,0,0,0,0,0,0,0,0,type_4,market_3
3/9/22,2,0,0,0,0,0,0,0,type_3,market_2
3/9/22,5,0,0,0,0,0,0,0,type_1,market_2
3/9/22,17,3,0,2,1,3,0,0,type_5,market_2
3/9/22,25,4,1,1,0,0,1,0,type_2,market_2
3/9/22,0,0,0,0,0,0,0,0,type_4,market_2
3/10/22,27,5,1,1,0,0,4,4,type_1,market_1
3/10/22,199,18,5,3,16,4,11,4,type_5,market_1
3/10/22,361,10,7,4,13,5,12,4,type_2,market_1
3/10/22,4,0,0,0,0,0,0,0,type_4,market_1
3/10/22,10,1,0,0,0,2,0,2,type_3,market_1
3/10/22,6,0,1,1,0,0,0,0,type_1,market_3
3/10/22,25,1,1,0,1,3,0,0,type_2,market_3
3/10/22,105,16,3,7,11,3,10,5,type_5,market_3
3/10/22,14,8,3,2,2,7,3,2,type_3,market_3
3/10/22,0,0,0,0,0,0,0,0,type_4,market_3
3/10/22,1,0,0,0,0,0,0,0,type_3,market_2
3/10/22,2,1,0,0,0,0,0,0,type_1,market_2
3/10/22,19,0,0,0,2,0,0,0,type_2,market_2
3/10/22,23,0,0,1,2,0,1,1,type_5,market_2
3/10/22,0,0,0,0,0,0,0,0,type_4,market_2
3/11/22,14,3,1,2,1,2,1,1,type_3,market_1
3/11/22,20,1,1,3,2,5,1,0,type_1,market_1
3/11/22,181,20,12,16,12,11,5,5,type_5,market_1
3/11/22,346,11,7,8,6,6,7,3,type_2,market_1
3/11/22,3,0,0,0,0,1,0,0,type_4,market_1
3/11/22,23,0,1,2,2,1,1,0,type_2,market_3
3/11/22,3,2,0,2,0,2,0,0,type_1,market_3
3/11/22,16,4,3,2,7,2,1,1,type_3,market_3
3/11/22,73,7,6,8,7,11,12,12,type_5,market_3
3/11/22,0,0,1,1,0,0,0,0,type_4,market_3
3/11/22,1,0,0,0,0,0,0,0,type_4,market_2
3/11/22,4,0,0,0,0,0,0,0,type_1,market_2
3/11/22,17,0,0,0,0,0,0,0,type_2,market_2
3/11/22,17,0,2,5,3,0,0,1,type_5,market_2
3/11/22,0,0,0,0,0,0,0,0,type_3,market_2
3/12/22,11,0,5,3,0,0,1,0,type_3,market_1
3/12/22,15,0,2,0,3,1,1,1,type_1,market_1
3/12/22,145,14,12,5,6,3,2,6,type_5,market_1
3/12/22,232,9,12,3,5,1,5,3,type_2,market_1
3/12/22,1,0,1,1,1,0,0,0,type_4,market_1
3/12/22,5,2,0,0,0,0,0,0,type_1,market_3
3/12/22,22,2,1,1,1,1,1,1,type_2,market_3
3/12/22,38,4,8,6,4,2,2,0,type_5,market_3
3/12/22,11,4,4,5,1,0,0,0,type_3,market_3
3/12/22,0,0,1,0,0,0,0,0,type_4,market_3
3/12/22,1,0,0,0,0,0,0,0,type_3,market_2
3/12/22,2,0,0,0,1,1,0,0,type_1,market_2
3/12/22,9,0,0,2,0,0,0,0,type_2,market_2
3/12/22,16,1,2,0,0,0,0,0,type_5,market_2
3/12/22,0,0,0,0,0,0,0,0,type_4,market_2
3/13/22,36,3,0,2,0,0,1,0,type_1,market_1
3/13/22,192,8,7,9,7,2,3,2,type_2,market_1
3/13/22,145,21,8,7,2,5,7,5,type_5,market_1
3/13/22,2,2,0,1,0,0,0,0,type_4,market_1
3/13/22,3,2,4,1,0,0,0,0,type_3,market_1
3/13/22,4,0,0,0,0,0,0,0,type_1,market_3
3/13/22,42,21,6,6,4,3,1,0,type_5,market_3
3/13/22,1,0,0,0,0,0,0,0,type_4,market_3
3/13/22,8,3,5,0,2,0,0,0,type_3,market_3
3/13/22,21,0,0,0,3,0,0,0,type_2,market_3
3/13/22,6,4,0,0,0,0,0,0,type_5,market_2
3/13/22,10,0,0,0,0,0,0,0,type_2,market_2
3/13/22,0,0,0,0,0,0,0,0,type_1,market_2
3/13/22,0,0,0,0,0,0,0,0,type_3,market_2
3/13/22,0,0,0,0,0,0,0,0,type_4,market_2
3/14/22,23,4,5,1,0,0,0,3,type_1,market_1
3/14/22,238,23,7,11,4,5,3,13,type_5,market_1
3/14/22,370,10,12,9,10,5,5,20,type_2,market_1
3/14/22,5,1,0,0,0,0,0,0,type_4,market_1
3/14/22,28,3,2,1,1,2,0,3,type_3,market_1
3/14/22,5,0,1,0,0,0,0,1,type_1,market_3
3/14/22,48,3,1,1,0,1,1,1,type_2,market_3
3/14/22,2,0,0,0,0,0,0,0,type_4,market_3
3/14/22,13,4,3,4,2,0,0,2,type_3,market_3
3/14/22,153,27,15,9,5,0,2,2,type_5,market_3
3/14/22,5,0,0,0,0,0,0,0,type_1,market_2
3/14/22,32,3,0,0,0,0,0,0,type_2,market_2
3/14/22,36,5,0,1,1,2,0,0,type_5,market_2
3/14/22,0,0,0,0,0,0,0,0,type_3,market_2
3/14/22,0,0,0,0,0,0,0,0,type_4,market_2
3/15/22,24,7,1,1,0,0,0,1,type_1,market_1
3/15/22,26,3,4,2,1,1,2,0,type_3,market_1
3/15/22,192,27,9,4,4,10,6,7,type_5,market_1
3/15/22,316,16,5,7,6,6,9,11,type_2,market_1
3/15/22,4,1,2,0,0,0,0,0,type_4,market_1
3/15/22,10,0,0,0,0,0,0,0,type_1,market_3
3/15/22,141,29,12,10,4,7,5,5,type_5,market_3
3/15/22,25,3,4,2,0,0,3,3,type_3,market_3
3/15/22,34,0,2,2,2,0,1,1,type_2,market_3
3/15/22,0,0,0,0,0,0,0,0,type_4,market_3
3/15/22,4,0,0,0,0,0,0,0,type_3,market_2
3/15/22,5,0,0,0,0,0,0,0,type_1,market_2
3/15/22,23,1,1,0,0,0,0,2,type_2,market_2
3/15/22,26,2,1,1,0,0,0,2,type_5,market_2
3/15/22,0,0,0,0,0,0,0,0,type_4,market_2
3/16/22,40,1,0,1,0,2,1,1,type_1,market_1
3/16/22,28,3,3,1,1,0,3,4,type_3,market_1
3/16/22,156,13,5,8,3,7,8,6,type_5,market_1
3/16/22,378,17,16,5,6,14,15,17,type_2,market_1
3/16/22,45,2,0,0,0,0,0,0,type_4,market_1
3/16/22,11,2,0,0,0,0,0,0,type_1,market_3
3/16/22,14,4,4,0,2,2,1,1,type_3,market_3
3/16/22,186,33,20,6,4,4,7,8,type_5,market_3
3/16/22,27,3,2,2,0,0,0,1,type_2,market_3
3/16/22,0,0,0,0,0,0,0,0,type_4,market_3
3/16/22,5,0,0,0,0,0,0,0,type_1,market_2
3/16/22,18,1,1,1,0,0,0,0,type_2,market_2
3/16/22,26,3,2,0,0,0,1,0,type_5,market_2
3/16/22,0,0,0,0,0,1,0,0,type_3,market_2
3/16/22,0,0,0,0,0,1,0,0,type_4,market_2
3/17/22,32,3,1,0,0,0,0,1,type_1,market_1
3/17/22,262,11,2,2,16,7,6,11,type_2,market_1
3/17/22,170,9,9,5,10,7,10,9,type_5,market_1
3/17/22,3,0,0,0,0,0,0,0,type_4,market_1
3/17/22,24,2,1,1,2,2,0,0,type_3,market_1
3/17/22,4,1,0,0,0,0,0,1,type_1,market_3
3/17/22,12,3,0,1,2,2,1,2,type_3,market_3
3/17/22,71,29,5,2,4,3,6,5,type_5,market_3
3/17/22,26,5,2,0,0,0,1,1,type_2,market_3
3/17/22,0,0,0,0,0,0,0,0,type_4,market_3
3/17/22,3,0,0,0,0,0,0,0,type_1,market_2
3/17/22,13,0,1,0,1,0,0,1,type_2,market_2
3/17/22,18,1,1,0,0,2,0,1,type_5,market_2
3/17/22,0,0,0,0,0,0,0,0,type_3,market_2
3/17/22,0,0,0,0,0,0,0,0,type_4,market_2
3/18/22,18,0,2,3,2,2,2,0,type_1,market_1
3/18/22,19,2,1,4,0,2,2,0,type_3,market_1
3/18/22,178,13,7,5,3,5,5,7,type_5,market_1
3/18/22,266,13,10,12,16,10,6,5,type_2,market_1
3/18/22,1,0,0,0,0,0,0,0,type_4,market_1
3/18/22,3,0,0,0,1,0,0,0,type_1,market_3
3/18/22,27,2,0,3,0,2,1,0,type_2,market_3
3/18/22,84,6,1,5,5,11,2,4,type_5,market_3
3/18/22,14,1,0,3,0,0,2,0,type_3,market_3
3/18/22,0,0,0,0,0,0,0,0,type_4,market_3
3/18/22,1,0,0,1,0,0,1,0,type_3,market_2
3/18/22,4,1,0,0,0,0,0,0,type_1,market_2
3/18/22,16,1,0,0,0,0,0,0,type_2,market_2
3/18/22,23,1,1,4,1,0,2,1,type_5,market_2
3/18/22,0,0,0,0,0,0,0,0,type_4,market_2
3/19/22,15,0,2,2,0,3,0,2,type_1,market_1
3/19/22,152,17,9,11,11,7,3,1,type_5,market_1
3/19/22,151,5,12,4,6,11,5,2,type_2,market_1
3/19/22,18,4,2,0,0,1,0,2,type_3,market_1
3/19/22,0,0,0,0,1,0,0,0,type_4,market_1
3/19/22,0,1,0,0,0,0,0,0,type_1,market_3
3/19/22,24,0,3,0,0,1,0,2,type_2,market_3
3/19/22,45,1,2,3,0,3,2,2,type_5,market_3
3/19/22,4,0,0,0,0,0,0,0,type_3,market_3
3/19/22,0,0,0,0,0,0,0,0,type_4,market_3
3/19/22,2,0,0,0,0,0,0,0,type_3,market_2
3/19/22,5,0,0,0,0,0,0,0,type_1,market_2
3/19/22,9,0,1,0,0,1,0,0,type_2,market_2
3/19/22,11,1,1,1,1,1,0,0,type_5,market_2
3/19/22,0,0,0,0,0,0,0,0,type_4,market_2
3/20/22,24,0,2,0,3,0,1,0,type_1,market_1
3/20/22,142,15,6,3,4,6,2,1,type_2,market_1
3/20/22,161,12,11,7,10,3,4,3,type_5,market_1
3/20/22,9,2,3,0,0,1,0,0,type_3,market_1
3/20/22,0,0,0,0,0,0,0,1,type_4,market_1
3/20/22,6,1,0,0,0,0,0,0,type_1,market_3
3/20/22,46,8,3,0,1,3,0,1,type_5,market_3
3/20/22,1,0,0,0,0,0,0,0,type_4,market_3
3/20/22,5,0,1,1,0,0,0,0,type_3,market_3
3/20/22,15,1,0,1,0,0,0,0,type_2,market_3
3/20/22,1,0,0,0,0,0,0,0,type_1,market_2
3/20/22,7,0,0,0,0,0,0,0,type_2,market_2
3/20/22,13,0,0,0,0,1,0,0,type_5,market_2
3/20/22,0,0,0,0,0,0,0,0,type_3,market_2
3/20/22,0,0,0,0,0,0,0,0,type_4,market_2
3/21/22,28,6,1,3,0,5,0,4,type_1,market_1
3/21/22,465,35,18,17,12,9,5,19,type_2,market_1
3/21/22,211,29,27,9,13,9,11,10,type_5,market_1
3/21/22,5,1,0,1,0,0,0,0,type_4,market_1
3/21/22,26,0,3,2,0,4,0,0,type_3,market_1
3/21/22,4,0,0,0,0,1,0,0,type_1,market_3
3/21/22,12,1,0,1,1,1,0,0,type_3,market_3
3/21/22,65,7,6,4,3,1,0,3,type_5,market_3
3/21/22,29,1,0,1,1,0,1,0,type_2,market_3
3/21/22,0,0,0,0,0,0,0,0,type_4,market_3
3/21/22,1,0,0,0,0,1,0,0,type_4,market_2
3/21/22,2,0,0,1,0,0,0,2,type_3,market_2
3/21/22,5,0,0,1,0,0,1,0,type_1,market_2
3/21/22,19,1,1,1,0,0,1,0,type_5,market_2
3/21/22,32,2,0,1,0,0,0,1,type_2,market_2
3/22/22,28,2,2,3,3,1,0,3,type_1,market_1
3/22/22,14,0,0,1,0,0,1,2,type_3,market_1
3/22/22,233,35,23,12,7,8,7,4,type_5,market_1
3/22/22,503,23,25,13,11,3,18,14,type_2,market_1
3/22/22,4,0,0,0,0,0,0,0,type_4,market_1
3/22/22,5,0,0,0,0,0,0,1,type_1,market_3
3/22/22,19,0,1,0,0,1,1,0,type_2,market_3
3/22/22,13,5,4,4,1,0,4,1,type_3,market_3
3/22/22,110,15,11,8,1,0,3,2,type_5,market_3
3/22/22,0,0,1,0,0,0,0,0,type_4,market_3
3/22/22,2,0,0,0,0,0,1,0,type_1,market_2
3/22/22,17,1,0,0,0,0,1,0,type_2,market_2
3/22/22,26,1,2,0,0,0,1,2,type_5,market_2
3/22/22,0,0,0,0,0,0,0,0,type_3,market_2
3/22/22,0,0,0,0,0,0,0,0,type_4,market_2
3/23/22,9,0,1,2,0,2,1,0,type_3,market_1
3/23/22,24,6,1,4,2,0,3,4,type_1,market_1
3/23/22,454,25,15,9,6,20,16,28,type_2,market_1
3/23/22,275,35,25,13,4,6,20,11,type_5,market_1
3/23/22,8,1,0,0,1,0,0,0,type_4,market_1
3/23/22,18,1,4,1,1,1,2,2,type_3,market_3
3/23/22,150,21,2,3,1,2,4,5,type_5,market_3
3/23/22,28,1,0,1,1,3,0,2,type_2,market_3
3/23/22,5,3,4,4,2,6,2,0,type_1,market_3
3/23/22,1,0,0,0,0,0,0,0,type_4,market_3
3/23/22,1,0,0,0,0,0,0,0,type_3,market_2
3/23/22,3,0,1,0,0,0,0,0,type_1,market_2
3/23/22,26,2,2,1,0,0,0,0,type_5,market_2
3/23/22,28,0,1,0,0,0,0,0,type_2,market_2
3/23/22,0,0,0,0,0,0,0,0,type_4,market_2
3/24/22,34,0,3,0,0,3,2,1,type_1,market_1
3/24/22,11,1,0,0,0,1,3,0,type_3,market_1
3/24/22,263,33,16,13,10,9,6,4,type_5,market_1
3/24/22,320,13,8,6,6,14,12,9,type_2,market_1
3/24/22,4,0,0,0,0,0,0,0,type_4,market_1
3/24/22,18,4,4,2,5,2,0,6,type_1,market_3
3/24/22,380,25,7,2,4,2,1,2,type_5,market_3
3/24/22,12,5,2,0,4,3,0,2,type_3,market_3
3/24/22,39,2,0,0,1,5,2,0,type_2,market_3
3/24/22,1,0,0,0,0,0,0,0,type_4,market_3
3/24/22,1,0,0,0,0,0,0,0,type_4,market_2
3/24/22,2,0,0,0,0,0,0,0,type_1,market_2
3/24/22,2,0,0,0,1,1,0,0,type_3,market_2
3/24/22,20,0,0,0,1,1,0,0,type_2,market_2
3/24/22,33,1,0,0,4,1,1,0,type_5,market_2
3/25/22,17,4,1,6,2,2,2,2,type_3,market_1
3/25/22,32,6,3,2,2,0,2,2,type_1,market_1
3/25/22,280,46,13,8,12,15,7,7,type_5,market_1
3/25/22,344,18,6,13,13,14,11,2,type_2,market_1
3/25/22,2,1,1,0,0,0,0,0,type_4,market_1
3/25/22,16,3,1,4,1,1,1,0,type_3,market_3
3/25/22,18,4,2,6,1,1,6,4,type_1,market_3
3/25/22,525,13,5,9,8,2,15,1,type_5,market_3
3/25/22,28,2,1,3,2,3,1,0,type_2,market_3
3/25/22,1,0,0,0,0,0,1,0,type_4,market_3
3/25/22,1,0,0,0,0,0,0,0,type_4,market_2
3/25/22,3,0,0,1,1,0,0,0,type_1,market_2
3/25/22,23,1,0,0,0,1,0,0,type_2,market_2
3/25/22,25,1,0,0,0,0,0,0,type_5,market_2
3/25/22,0,0,0,0,1,0,0,1,type_3,market_2
3/26/22,15,2,1,2,0,0,1,0,type_3,market_1
3/26/22,48,3,1,2,1,2,2,0,type_1,market_1
3/26/22,231,12,14,11,11,12,4,2,type_2,market_1
3/26/22,206,24,11,20,11,7,5,7,type_5,market_1
3/26/22,1,1,0,0,0,0,0,0,type_4,market_1
3/26/22,13,1,2,2,0,1,0,0,type_2,market_3
3/26/22,10,1,3,1,2,2,1,2,type_3,market_3
3/26/22,55,9,12,10,2,5,2,2,type_5,market_3
3/26/22,11,3,6,2,0,7,4,0,type_1,market_3
3/26/22,0,0,0,0,0,0,0,0,type_4,market_3
3/26/22,1,0,0,0,0,0,0,0,type_3,market_2
3/26/22,1,0,0,0,0,0,0,0,type_4,market_2
3/26/22,3,1,0,0,0,0,1,1,type_1,market_2
3/26/22,11,2,0,0,0,1,0,0,type_2,market_2
3/26/22,14,0,1,0,0,0,1,1,type_5,market_2
3/27/22,22,1,2,0,0,0,3,2,type_1,market_1
3/27/22,167,16,8,10,4,4,3,1,type_2,market_1
3/27/22,158,12,9,7,6,10,4,2,type_5,market_1
3/27/22,2,0,1,0,1,0,0,0,type_4,market_1
3/27/22,5,1,1,0,0,0,0,0,type_3,market_1
3/27/22,5,5,0,1,1,1,1,0,type_3,market_3
3/27/22,44,13,2,1,7,1,2,1,type_5,market_3
3/27/22,5,6,1,0,7,4,0,0,type_1,market_3
3/27/22,11,0,1,0,0,0,0,0,type_2,market_3
3/27/22,0,0,0,0,0,0,0,0,type_4,market_3
3/27/22,3,0,0,0,0,0,0,0,type_1,market_2
3/27/22,10,0,1,0,0,0,0,0,type_5,market_2
3/27/22,11,1,0,0,0,0,0,0,type_2,market_2
3/27/22,0,0,0,0,0,0,0,0,type_3,market_2
3/27/22,0,0,0,0,0,0,0,0,type_4,market_2
3/28/22,35,3,1,1,0,1,0,3,type_1,market_1
3/28/22,190,27,10,12,6,7,3,3,type_5,market_1
3/28/22,480,28,19,19,13,5,9,12,type_2,market_1
3/28/22,5,0,0,0,1,0,0,0,type_4,market_1
3/28/22,31,6,1,2,1,1,0,1,type_3,market_1
3/28/22,12,1,3,6,4,0,0,0,type_1,market_3
3/28/22,24,3,4,3,1,1,0,0,type_3,market_3
3/28/22,84,16,4,11,4,3,2,1,type_5,market_3
3/28/22,40,4,1,2,2,0,0,2,type_2,market_3
3/28/22,0,0,0,0,0,0,0,0,type_4,market_3
3/28/22,2,0,0,0,0,0,0,0,type_3,market_2
3/28/22,6,0,0,1,0,0,0,0,type_1,market_2
3/28/22,29,0,2,0,1,0,0,1,type_2,market_2
3/28/22,36,4,1,0,1,0,0,0,type_5,market_2
3/28/22,0,0,0,0,0,0,0,0,type_4,market_2
3/29/22,38,2,1,2,1,2,2,1,type_1,market_1
3/29/22,186,16,15,10,5,3,8,8,type_5,market_1
3/29/22,413,39,15,8,5,1,9,8,type_2,market_1
3/29/22,3,0,0,0,0,0,0,0,type_4,market_1
3/29/22,28,2,1,0,0,0,0,1,type_3,market_1
3/29/22,7,1,6,4,0,0,0,0,type_1,market_3
3/29/22,38,5,1,4,0,1,0,0,type_2,market_3
3/29/22,13,2,2,0,0,0,0,2,type_3,market_3
3/29/22,63,7,5,1,2,0,0,1,type_5,market_3
3/29/22,0,1,0,0,0,0,0,0,type_4,market_3
3/29/22,1,0,0,1,0,0,0,0,type_3,market_2
3/29/22,6,0,0,0,0,0,0,0,type_1,market_2
3/29/22,18,2,1,0,0,0,0,1,type_2,market_2
3/29/22,38,4,0,1,0,0,0,1,type_5,market_2
3/29/22,0,0,0,0,0,0,0,0,type_4,market_2
3/30/22,46,1,2,3,2,3,0,2,type_1,market_1
3/30/22,22,1,1,0,1,2,1,1,type_3,market_1
3/30/22,599,30,20,8,4,15,6,1,type_2,market_1
3/30/22,242,29,14,6,7,21,8,15,type_5,market_1
3/30/22,3,0,0,0,0,0,0,0,type_4,market_1
3/30/22,4,6,4,0,0,0,0,0,type_1,market_3
3/30/22,14,2,1,1,0,2,2,1,type_3,market_3
3/30/22,49,6,4,2,2,2,2,4,type_5,market_3
3/30/22,2,0,0,0,0,0,0,0,type_4,market_3
3/30/22,33,2,2,1,1,0,0,0,type_2,market_3
3/30/22,3,1,0,0,0,0,0,0,type_1,market_2
3/30/22,31,1,0,0,0,0,0,2,type_2,market_2
3/30/22,38,3,2,0,0,0,0,1,type_5,market_2
3/30/22,0,0,0,0,0,0,0,0,type_3,market_2
3/30/22,0,0,0,0,0,0,0,0,type_4,market_2
3/31/22,33,2,5,0,3,3,1,0,type_1,market_1
3/31/22,15,2,1,1,3,0,2,0,type_3,market_1
3/31/22,391,11,5,10,15,8,6,3,type_2,market_1
3/31/22,235,21,15,8,19,6,8,11,type_5,market_1
3/31/22,3,0,0,0,0,0,0,0,type_4,market_1
3/31/22,11,5,1,0,0,0,0,2,type_1,market_3
3/31/22,129,8,3,0,1,2,4,2,type_5,market_3
3/31/22,1,0,0,0,0,0,0,0,type_4,market_3
3/31/22,22,1,1,0,1,0,0,1,type_3,market_3
3/31/22,29,3,2,1,1,0,0,0,type_2,market_3
3/31/22,1,0,1,0,0,0,0,0,type_1,market_2
3/31/22,1,0,0,0,0,0,1,0,type_3,market_2
3/31/22,17,0,0,0,0,0,0,0,type_5,market_2
3/31/22,32,2,0,1,0,0,1,0,type_2,market_2
3/31/22,0,0,0,0,0,0,0,0,type_4,market_2